"receita";"itemDrop";"tier";"quantidadeNecessaria";"mobsFonteNoTier";"mobsAtivosNoTier";"pesoTotalEncontro";"chancePonderadaPercentual";"quantidadeEsperadaPorEncontro";"killsEsperadas";"horasEsperadas"
"Armadura de Retalhos Pesados";"Biomaterial Torácico Comum";"1";"2";"2";"6";"100";"6.65";"0.0665";"30.1";"0.18"
"Armadura de Retalhos Pesados";"Resíduo Infecto Pálido";"1";"4";"6";"6";"100";"45";"0.675";"5.9";"0.04"
"Grevas de Tábua Remendada";"Biomaterial Articular Comum";"1";"2";"2";"6";"100";"17.85";"0.1785";"11.2";"0.07"
"Grevas de Tábua Remendada";"Resíduo Infecto Pálido";"1";"4";"6";"6";"100";"45";"0.675";"5.9";"0.04"
"Botas de Obra Remendadas";"Biomaterial de Mobilidade Comum";"1";"2";"2";"6";"100";"10.5";"0.105";"19";"0.12"
"Botas de Obra Remendadas";"Resíduo Infecto Pálido";"1";"4";"6";"6";"100";"45";"0.675";"5.9";"0.04"
"Elmo de Obra Rachado";"Biomaterial Craniano Comum";"1";"2";"2";"6";"100";"10.5";"0.105";"19";"0.12"
"Elmo de Obra Rachado";"Resíduo Infecto Pálido";"1";"4";"6";"6";"100";"45";"0.675";"5.9";"0.04"
"Maça de Ripa Cravada";"Biomaterial Cortante Comum";"1";"2";"2";"6";"100";"35.7";"0.357";"5.6";"0.03"
"Maça de Ripa Cravada";"Resíduo Infecto Pálido";"1";"4";"6";"6";"100";"45";"0.675";"5.9";"0.04"
"Machado de Lâmina Lascada";"Biomaterial Cortante Comum";"1";"2";"2";"6";"100";"35.7";"0.357";"5.6";"0.03"
"Machado de Lâmina Lascada";"Resíduo Infecto Pálido";"1";"4";"6";"6";"100";"45";"0.675";"5.9";"0.04"
"Escudo de Tampa Amassada";"Biomaterial Reativo Comum";"1";"2";"2";"6";"100";"6.65";"0.0665";"30.1";"0.18"
"Escudo de Tampa Amassada";"Resíduo Infecto Pálido";"1";"4";"6";"6";"100";"45";"0.675";"5.9";"0.04"
"Espada de Faca Alongada";"Biomaterial Cortante Comum";"1";"2";"2";"6";"100";"35.7";"0.357";"5.6";"0.03"
"Espada de Faca Alongada";"Resíduo Infecto Pálido";"1";"4";"6";"6";"100";"45";"0.675";"5.9";"0.04"
"Adagas de Facas Trincadas";"Biomaterial Cortante Comum";"1";"2";"2";"6";"100";"35.7";"0.357";"5.6";"0.03"
"Adagas de Facas Trincadas";"Resíduo Infecto Pálido";"1";"4";"6";"6";"100";"45";"0.675";"5.9";"0.04"
"Bombas de Lata Fumacenta";"Biomaterial Reativo Comum";"1";"2";"2";"6";"100";"6.65";"0.0665";"30.1";"0.18"
"Bombas de Lata Fumacenta";"Resíduo Infecto Pálido";"1";"4";"6";"6";"100";"45";"0.675";"5.9";"0.04"
"Capuz de Moletom Rasgado";"Biomaterial Craniano Comum";"1";"2";"2";"6";"100";"10.5";"0.105";"19";"0.12"
"Capuz de Moletom Rasgado";"Resíduo Infecto Pálido";"1";"4";"6";"6";"100";"45";"0.675";"5.9";"0.04"
"Traje de Rua Rasgado";"Biomaterial Torácico Comum";"1";"2";"2";"6";"100";"6.65";"0.0665";"30.1";"0.18"
"Traje de Rua Rasgado";"Resíduo Infecto Pálido";"1";"4";"6";"6";"100";"45";"0.675";"5.9";"0.04"
"Perneiras de Jeans Cortado";"Biomaterial Articular Comum";"1";"2";"2";"6";"100";"17.85";"0.1785";"11.2";"0.07"
"Perneiras de Jeans Cortado";"Resíduo Infecto Pálido";"1";"4";"6";"6";"100";"45";"0.675";"5.9";"0.04"
"Sapatilhas de Pano Escuro";"Biomaterial de Mobilidade Comum";"1";"2";"2";"6";"100";"10.5";"0.105";"19";"0.12"
"Sapatilhas de Pano Escuro";"Resíduo Infecto Pálido";"1";"4";"6";"6";"100";"45";"0.675";"5.9";"0.04"
"Serra de Emergência Quebrada";"Biomaterial Cortante Comum";"1";"2";"2";"6";"100";"35.7";"0.357";"5.6";"0.03"
"Serra de Emergência Quebrada";"Resíduo Infecto Pálido";"1";"4";"6";"6";"100";"45";"0.675";"5.9";"0.04"
"Desfibrilador de Rádio Improvisado";"Biomaterial Cortante Comum";"1";"2";"2";"6";"100";"35.7";"0.357";"5.6";"0.03"
"Desfibrilador de Rádio Improvisado";"Resíduo Infecto Pálido";"1";"4";"6";"6";"100";"45";"0.675";"5.9";"0.04"
"Injetor de Soro Rachado";"Biomaterial Reativo Comum";"1";"2";"2";"6";"100";"6.65";"0.0665";"30.1";"0.18"
"Injetor de Soro Rachado";"Resíduo Infecto Pálido";"1";"4";"6";"6";"100";"45";"0.675";"5.9";"0.04"
"Máscara Clínica Rasgada";"Biomaterial Craniano Comum";"1";"2";"2";"6";"100";"10.5";"0.105";"19";"0.12"
"Máscara Clínica Rasgada";"Resíduo Infecto Pálido";"1";"4";"6";"6";"100";"45";"0.675";"5.9";"0.04"
"Colete de Primeiros Socorros";"Biomaterial Torácico Comum";"1";"2";"2";"6";"100";"6.65";"0.0665";"30.1";"0.18"
"Colete de Primeiros Socorros";"Resíduo Infecto Pálido";"1";"4";"6";"6";"100";"45";"0.675";"5.9";"0.04"
"Calças de Socorro Rasgadas";"Biomaterial Articular Comum";"1";"2";"2";"6";"100";"17.85";"0.1785";"11.2";"0.07"
"Calças de Socorro Rasgadas";"Resíduo Infecto Pálido";"1";"4";"6";"6";"100";"45";"0.675";"5.9";"0.04"
"Sapatos de Enfermagem Gastos";"Biomaterial de Mobilidade Comum";"1";"2";"2";"6";"100";"10.5";"0.105";"19";"0.12"
"Sapatos de Enfermagem Gastos";"Resíduo Infecto Pálido";"1";"4";"6";"6";"100";"45";"0.675";"5.9";"0.04"
"Rifle de Cano Curto";"Biomaterial Cortante Comum";"1";"2";"2";"6";"100";"35.7";"0.357";"5.6";"0.03"
"Rifle de Cano Curto";"Resíduo Infecto Pálido";"1";"4";"6";"6";"100";"45";"0.675";"5.9";"0.04"
"Pistola de Gaveta Quebrada";"Biomaterial Cortante Comum";"1";"2";"2";"6";"100";"35.7";"0.357";"5.6";"0.03"
"Pistola de Gaveta Quebrada";"Resíduo Infecto Pálido";"1";"4";"6";"6";"100";"45";"0.675";"5.9";"0.04"
"Carregador de Lata Amassada";"Biomaterial Reativo Comum";"1";"2";"2";"6";"100";"6.65";"0.0665";"30.1";"0.18"
"Carregador de Lata Amassada";"Resíduo Infecto Pálido";"1";"4";"6";"6";"100";"45";"0.675";"5.9";"0.04"
"Viseira de Mira Rachada";"Biomaterial Craniano Comum";"1";"2";"2";"6";"100";"10.5";"0.105";"19";"0.12"
"Viseira de Mira Rachada";"Resíduo Infecto Pálido";"1";"4";"6";"6";"100";"45";"0.675";"5.9";"0.04"
"Jaqueta de Couro Furado";"Biomaterial Torácico Comum";"1";"2";"2";"6";"100";"6.65";"0.0665";"30.1";"0.18"
"Jaqueta de Couro Furado";"Resíduo Infecto Pálido";"1";"4";"6";"6";"100";"45";"0.675";"5.9";"0.04"
"Cargueiras de Rua Rasgadas";"Biomaterial Articular Comum";"1";"2";"2";"6";"100";"17.85";"0.1785";"11.2";"0.07"
"Cargueiras de Rua Rasgadas";"Resíduo Infecto Pálido";"1";"4";"6";"6";"100";"45";"0.675";"5.9";"0.04"
"Coturnos de Patrulha Gasta";"Biomaterial de Mobilidade Comum";"1";"2";"2";"6";"100";"10.5";"0.105";"19";"0.12"
"Coturnos de Patrulha Gasta";"Resíduo Infecto Pálido";"1";"4";"6";"6";"100";"45";"0.675";"5.9";"0.04"
"Armadura de Placas Oxidadas";"Biomaterial Torácico Comum";"2";"10";"2";"6";"100";"6.65";"0.0665";"150.4";"0.84"
"Armadura de Placas Oxidadas";"Resíduo Infecto Pálido";"2";"20";"6";"6";"100";"45";"0.675";"29.6";"0.16"
"Grevas de Lataria Oxidada";"Biomaterial Articular Comum";"2";"10";"2";"6";"100";"6.65";"0.0665";"150.4";"0.84"
"Grevas de Lataria Oxidada";"Resíduo Infecto Pálido";"2";"20";"6";"6";"100";"45";"0.675";"29.6";"0.16"
"Botas de Ferrugem Cravada";"Biomaterial de Mobilidade Comum";"2";"10";"2";"6";"100";"10.5";"0.105";"95.2";"0.53"
"Botas de Ferrugem Cravada";"Resíduo Infecto Pálido";"2";"20";"6";"6";"100";"45";"0.675";"29.6";"0.16"
"Elmo de Soldador Enferrujado";"Biomaterial Craniano Comum";"2";"10";"2";"6";"100";"17.85";"0.1785";"56";"0.31"
"Elmo de Soldador Enferrujado";"Resíduo Infecto Pálido";"2";"20";"6";"6";"100";"45";"0.675";"29.6";"0.16"
"Maça de Engrenagem Enferrujada";"Biomaterial Cortante Comum";"2";"10";"2";"6";"100";"35.7";"0.357";"28";"0.16"
"Maça de Engrenagem Enferrujada";"Resíduo Infecto Pálido";"2";"20";"6";"6";"100";"45";"0.675";"29.6";"0.16"
"Machado de Chapa Rasgada";"Biomaterial Cortante Comum";"2";"10";"2";"6";"100";"35.7";"0.357";"28";"0.16"
"Machado de Chapa Rasgada";"Resíduo Infecto Pálido";"2";"20";"6";"6";"100";"45";"0.675";"29.6";"0.16"
"Escudo de Portão Oxidado";"Biomaterial Reativo Comum";"2";"10";"2";"6";"100";"10.5";"0.105";"95.2";"0.53"
"Escudo de Portão Oxidado";"Resíduo Infecto Pálido";"2";"20";"6";"6";"100";"45";"0.675";"29.6";"0.16"
"Espada de Serra Oxidada";"Biomaterial Cortante Comum";"2";"10";"2";"6";"100";"35.7";"0.357";"28";"0.16"
"Espada de Serra Oxidada";"Resíduo Infecto Pálido";"2";"20";"6";"6";"100";"45";"0.675";"29.6";"0.16"
"Adagas de Estilete Enferrujado";"Biomaterial Cortante Comum";"2";"10";"2";"6";"100";"35.7";"0.357";"28";"0.16"
"Adagas de Estilete Enferrujado";"Resíduo Infecto Pálido";"2";"20";"6";"6";"100";"45";"0.675";"29.6";"0.16"
"Bombas de Ferrugem Seca";"Biomaterial Reativo Comum";"2";"10";"2";"6";"100";"10.5";"0.105";"95.2";"0.53"
"Bombas de Ferrugem Seca";"Resíduo Infecto Pálido";"2";"20";"6";"6";"100";"45";"0.675";"29.6";"0.16"
"Capuz de Oficina Sombreado";"Biomaterial Craniano Comum";"2";"10";"2";"6";"100";"17.85";"0.1785";"56";"0.31"
"Capuz de Oficina Sombreado";"Resíduo Infecto Pálido";"2";"20";"6";"6";"100";"45";"0.675";"29.6";"0.16"
"Traje de Oficina Silencioso";"Biomaterial Torácico Comum";"2";"10";"2";"6";"100";"6.65";"0.0665";"150.4";"0.84"
"Traje de Oficina Silencioso";"Resíduo Infecto Pálido";"2";"20";"6";"6";"100";"45";"0.675";"29.6";"0.16"
"Perneiras de Oficina Enferrujada";"Biomaterial Articular Comum";"2";"10";"2";"6";"100";"6.65";"0.0665";"150.4";"0.84"
"Perneiras de Oficina Enferrujada";"Resíduo Infecto Pálido";"2";"20";"6";"6";"100";"45";"0.675";"29.6";"0.16"
"Sapatilhas de Ferrugem Baixa";"Biomaterial de Mobilidade Comum";"2";"10";"2";"6";"100";"10.5";"0.105";"95.2";"0.53"
"Sapatilhas de Ferrugem Baixa";"Resíduo Infecto Pálido";"2";"20";"6";"6";"100";"45";"0.675";"29.6";"0.16"
"Serra de Oficina Médica Oxidada";"Biomaterial Cortante Comum";"2";"10";"2";"6";"100";"35.7";"0.357";"28";"0.16"
"Serra de Oficina Médica Oxidada";"Resíduo Infecto Pálido";"2";"20";"6";"6";"100";"45";"0.675";"29.6";"0.16"
"Desfibrilador de Bobina Enferrujada";"Biomaterial Cortante Comum";"2";"10";"2";"6";"100";"35.7";"0.357";"28";"0.16"
"Desfibrilador de Bobina Enferrujada";"Resíduo Infecto Pálido";"2";"20";"6";"6";"100";"45";"0.675";"29.6";"0.16"
"Injetor de Oficina Oxidado";"Biomaterial Reativo Comum";"2";"10";"2";"6";"100";"10.5";"0.105";"95.2";"0.53"
"Injetor de Oficina Oxidado";"Resíduo Infecto Pálido";"2";"20";"6";"6";"100";"45";"0.675";"29.6";"0.16"
"Máscara de Oficina Médica";"Biomaterial Craniano Comum";"2";"10";"2";"6";"100";"17.85";"0.1785";"56";"0.31"
"Máscara de Oficina Médica";"Resíduo Infecto Pálido";"2";"20";"6";"6";"100";"45";"0.675";"29.6";"0.16"
"Colete Paramédico Enferrujado";"Biomaterial Torácico Comum";"2";"10";"2";"6";"100";"6.65";"0.0665";"150.4";"0.84"
"Colete Paramédico Enferrujado";"Resíduo Infecto Pálido";"2";"20";"6";"6";"100";"45";"0.675";"29.6";"0.16"
"Calças de Oficina Sanitária";"Biomaterial Articular Comum";"2";"10";"2";"6";"100";"6.65";"0.0665";"150.4";"0.84"
"Calças de Oficina Sanitária";"Resíduo Infecto Pálido";"2";"20";"6";"6";"100";"45";"0.675";"29.6";"0.16"
"Sapatos de Oficina Sanitária";"Biomaterial de Mobilidade Comum";"2";"10";"2";"6";"100";"10.5";"0.105";"95.2";"0.53"
"Sapatos de Oficina Sanitária";"Resíduo Infecto Pálido";"2";"20";"6";"6";"100";"45";"0.675";"29.6";"0.16"
"Rifle de Oficina Oxidado";"Biomaterial Cortante Comum";"2";"10";"2";"6";"100";"35.7";"0.357";"28";"0.16"
"Rifle de Oficina Oxidado";"Resíduo Infecto Pálido";"2";"20";"6";"6";"100";"45";"0.675";"29.6";"0.16"
"Pistola de Chapa Enferrujada";"Biomaterial Cortante Comum";"2";"10";"2";"6";"100";"35.7";"0.357";"28";"0.16"
"Pistola de Chapa Enferrujada";"Resíduo Infecto Pálido";"2";"20";"6";"6";"100";"45";"0.675";"29.6";"0.16"
"Carregador de Oficina Oxidado";"Biomaterial Reativo Comum";"2";"10";"2";"6";"100";"10.5";"0.105";"95.2";"0.53"
"Carregador de Oficina Oxidado";"Resíduo Infecto Pálido";"2";"20";"6";"6";"100";"45";"0.675";"29.6";"0.16"
"Viseira de Oficina Oxidada";"Biomaterial Craniano Comum";"2";"10";"2";"6";"100";"17.85";"0.1785";"56";"0.31"
"Viseira de Oficina Oxidada";"Resíduo Infecto Pálido";"2";"20";"6";"6";"100";"45";"0.675";"29.6";"0.16"
"Jaqueta de Oficina Oxidada";"Biomaterial Torácico Comum";"2";"10";"2";"6";"100";"6.65";"0.0665";"150.4";"0.84"
"Jaqueta de Oficina Oxidada";"Resíduo Infecto Pálido";"2";"20";"6";"6";"100";"45";"0.675";"29.6";"0.16"
"Cargueiras de Oficina Oleosa";"Biomaterial Articular Comum";"2";"10";"2";"6";"100";"6.65";"0.0665";"150.4";"0.84"
"Cargueiras de Oficina Oleosa";"Resíduo Infecto Pálido";"2";"20";"6";"6";"100";"45";"0.675";"29.6";"0.16"
"Coturnos de Ferrugem Baixa";"Biomaterial de Mobilidade Comum";"2";"10";"2";"6";"100";"10.5";"0.105";"95.2";"0.53"
"Coturnos de Ferrugem Baixa";"Resíduo Infecto Pálido";"2";"20";"6";"6";"100";"45";"0.675";"29.6";"0.16"
"Armadura de Maca Reforçada";"Biomaterial Torácico Incomum";"3";"12";"2";"6";"100";"10.5";"0.105";"114.3";"0.7"
"Armadura de Maca Reforçada";"Resíduo Infecto Amarelado";"3";"20";"6";"6";"100";"45";"0.675";"29.6";"0.18"
"Grevas de Tala Clínica";"Biomaterial Articular Incomum";"3";"12";"2";"6";"100";"6.65";"0.0665";"180.5";"1.1"
"Grevas de Tala Clínica";"Resíduo Infecto Amarelado";"3";"20";"6";"6";"100";"45";"0.675";"29.6";"0.18"
"Botas de Enfermaria Seladas";"Biomaterial de Mobilidade Incomum";"3";"12";"2";"6";"100";"17.85";"0.1785";"67.2";"0.41"
"Botas de Enfermaria Seladas";"Resíduo Infecto Amarelado";"3";"20";"6";"6";"100";"45";"0.675";"29.6";"0.18"
"Elmo de Visor Clínico";"Biomaterial Craniano Incomum";"3";"12";"2";"6";"100";"17.85";"0.1785";"67.2";"0.41"
"Elmo de Visor Clínico";"Resíduo Infecto Amarelado";"3";"20";"6";"6";"100";"45";"0.675";"29.6";"0.18"
"Maça de Suporte de Soro";"Biomaterial Cortante Incomum";"3";"12";"2";"6";"100";"13.3";"0.133";"90.2";"0.55"
"Maça de Suporte de Soro";"Resíduo Infecto Amarelado";"3";"20";"6";"6";"100";"45";"0.675";"29.6";"0.18"
"Machado de Bandeja Cirúrgica";"Biomaterial Cortante Incomum";"3";"12";"2";"6";"100";"13.3";"0.133";"90.2";"0.55"
"Machado de Bandeja Cirúrgica";"Resíduo Infecto Amarelado";"3";"20";"6";"6";"100";"45";"0.675";"29.6";"0.18"
"Escudo de Maca Dobrada";"Biomaterial Reativo Incomum";"3";"12";"2";"6";"100";"10.5";"0.105";"114.3";"0.7"
"Escudo de Maca Dobrada";"Resíduo Infecto Amarelado";"3";"20";"6";"6";"100";"45";"0.675";"29.6";"0.18"
"Espada de Bisturi Alongado";"Biomaterial Cortante Incomum";"3";"12";"2";"6";"100";"13.3";"0.133";"90.2";"0.55"
"Espada de Bisturi Alongado";"Resíduo Infecto Amarelado";"3";"20";"6";"6";"100";"45";"0.675";"29.6";"0.18"
"Adagas de Tesoura Cirúrgica";"Biomaterial Cortante Incomum";"3";"12";"2";"6";"100";"13.3";"0.133";"90.2";"0.55"
"Adagas de Tesoura Cirúrgica";"Resíduo Infecto Amarelado";"3";"20";"6";"6";"100";"45";"0.675";"29.6";"0.18"
"Bombas de Névoa Clínica";"Biomaterial Reativo Incomum";"3";"12";"2";"6";"100";"10.5";"0.105";"114.3";"0.7"
"Bombas de Névoa Clínica";"Resíduo Infecto Amarelado";"3";"20";"6";"6";"100";"45";"0.675";"29.6";"0.18"
"Capuz de Triagem Escura";"Biomaterial Craniano Incomum";"3";"12";"2";"6";"100";"17.85";"0.1785";"67.2";"0.41"
"Capuz de Triagem Escura";"Resíduo Infecto Amarelado";"3";"20";"6";"6";"100";"45";"0.675";"29.6";"0.18"
"Traje de Ala Isolada";"Biomaterial Torácico Incomum";"3";"12";"2";"6";"100";"10.5";"0.105";"114.3";"0.7"
"Traje de Ala Isolada";"Resíduo Infecto Amarelado";"3";"20";"6";"6";"100";"45";"0.675";"29.6";"0.18"
"Perneiras de Maca Silenciosa";"Biomaterial Articular Incomum";"3";"12";"2";"6";"100";"6.65";"0.0665";"180.5";"1.1"
"Perneiras de Maca Silenciosa";"Resíduo Infecto Amarelado";"3";"20";"6";"6";"100";"45";"0.675";"29.6";"0.18"
"Sapatilhas de Enfermaria Silenciosa";"Biomaterial de Mobilidade Incomum";"3";"12";"2";"6";"100";"17.85";"0.1785";"67.2";"0.41"
"Sapatilhas de Enfermaria Silenciosa";"Resíduo Infecto Amarelado";"3";"20";"6";"6";"100";"45";"0.675";"29.6";"0.18"
"Serra Cirúrgica de Triagem";"Biomaterial Cortante Incomum";"3";"12";"2";"6";"100";"13.3";"0.133";"90.2";"0.55"
"Serra Cirúrgica de Triagem";"Resíduo Infecto Amarelado";"3";"20";"6";"6";"100";"45";"0.675";"29.6";"0.18"
"Desfibrilador de Leito Clínico";"Biomaterial Cortante Incomum";"3";"12";"2";"6";"100";"13.3";"0.133";"90.2";"0.55"
"Desfibrilador de Leito Clínico";"Resíduo Infecto Amarelado";"3";"20";"6";"6";"100";"45";"0.675";"29.6";"0.18"
"Injetor de Triagem Clínica";"Biomaterial Reativo Incomum";"3";"12";"2";"6";"100";"10.5";"0.105";"114.3";"0.7"
"Injetor de Triagem Clínica";"Resíduo Infecto Amarelado";"3";"20";"6";"6";"100";"45";"0.675";"29.6";"0.18"
"Máscara de Isolamento Clínico";"Biomaterial Craniano Incomum";"3";"12";"2";"6";"100";"17.85";"0.1785";"67.2";"0.41"
"Máscara de Isolamento Clínico";"Resíduo Infecto Amarelado";"3";"20";"6";"6";"100";"45";"0.675";"29.6";"0.18"
"Colete de Triagem Clínica";"Biomaterial Torácico Incomum";"3";"12";"2";"6";"100";"10.5";"0.105";"114.3";"0.7"
"Colete de Triagem Clínica";"Resíduo Infecto Amarelado";"3";"20";"6";"6";"100";"45";"0.675";"29.6";"0.18"
"Calças de Triagem Clínica";"Biomaterial Articular Incomum";"3";"12";"2";"6";"100";"6.65";"0.0665";"180.5";"1.1"
"Calças de Triagem Clínica";"Resíduo Infecto Amarelado";"3";"20";"6";"6";"100";"45";"0.675";"29.6";"0.18"
"Sapatos de Enfermaria Selada";"Biomaterial de Mobilidade Incomum";"3";"12";"2";"6";"100";"17.85";"0.1785";"67.2";"0.41"
"Sapatos de Enfermaria Selada";"Resíduo Infecto Amarelado";"3";"20";"6";"6";"100";"45";"0.675";"29.6";"0.18"
"Rifle de Dardos Clínicos";"Biomaterial Cortante Incomum";"3";"12";"2";"6";"100";"13.3";"0.133";"90.2";"0.55"
"Rifle de Dardos Clínicos";"Resíduo Infecto Amarelado";"3";"20";"6";"6";"100";"45";"0.675";"29.6";"0.18"
"Pistola de Sedativo Quebrada";"Biomaterial Cortante Incomum";"3";"12";"2";"6";"100";"13.3";"0.133";"90.2";"0.55"
"Pistola de Sedativo Quebrada";"Resíduo Infecto Amarelado";"3";"20";"6";"6";"100";"45";"0.675";"29.6";"0.18"
"Carregador de Triagem Clínica";"Biomaterial Reativo Incomum";"3";"12";"2";"6";"100";"10.5";"0.105";"114.3";"0.7"
"Carregador de Triagem Clínica";"Resíduo Infecto Amarelado";"3";"20";"6";"6";"100";"45";"0.675";"29.6";"0.18"
"Viseira de Triagem Balística";"Biomaterial Craniano Incomum";"3";"12";"2";"6";"100";"17.85";"0.1785";"67.2";"0.41"
"Viseira de Triagem Balística";"Resíduo Infecto Amarelado";"3";"20";"6";"6";"100";"45";"0.675";"29.6";"0.18"
"Jaqueta de Resgate Clínico";"Biomaterial Torácico Incomum";"3";"12";"2";"6";"100";"10.5";"0.105";"114.3";"0.7"
"Jaqueta de Resgate Clínico";"Resíduo Infecto Amarelado";"3";"20";"6";"6";"100";"45";"0.675";"29.6";"0.18"
"Cargueiras de Maca de Campo";"Biomaterial Articular Incomum";"3";"12";"2";"6";"100";"6.65";"0.0665";"180.5";"1.1"
"Cargueiras de Maca de Campo";"Resíduo Infecto Amarelado";"3";"20";"6";"6";"100";"45";"0.675";"29.6";"0.18"
"Coturnos de Enfermaria Tática";"Biomaterial de Mobilidade Incomum";"3";"12";"2";"6";"100";"17.85";"0.1785";"67.2";"0.41"
"Coturnos de Enfermaria Tática";"Resíduo Infecto Amarelado";"3";"20";"6";"6";"100";"45";"0.675";"29.6";"0.18"
"Armadura de Bagageiro Rebitado";"Biomaterial Torácico Incomum";"4";"14";"2";"6";"100";"10.5";"0.105";"133.3";"0.78"
"Armadura de Bagageiro Rebitado";"Resíduo Infecto Amarelado";"4";"24";"6";"6";"100";"45";"0.675";"35.6";"0.21"
"Grevas de Escada Rolante";"Biomaterial Articular Incomum";"4";"14";"2";"6";"100";"10.5";"0.105";"133.3";"0.78"
"Grevas de Escada Rolante";"Resíduo Infecto Amarelado";"4";"24";"6";"6";"100";"45";"0.675";"35.6";"0.21"
"Botas de Esteira Quebrada";"Biomaterial de Mobilidade Incomum";"4";"14";"2";"6";"100";"17.85";"0.1785";"78.4";"0.46"
"Botas de Esteira Quebrada";"Resíduo Infecto Amarelado";"4";"24";"6";"6";"100";"45";"0.675";"35.6";"0.21"
"Elmo de Segurança do Terminal";"Biomaterial Craniano Incomum";"4";"14";"2";"6";"100";"6.65";"0.0665";"210.5";"1.23"
"Elmo de Segurança do Terminal";"Resíduo Infecto Amarelado";"4";"24";"6";"6";"100";"45";"0.675";"35.6";"0.21"
"Maça de Corrimão Rebitado";"Biomaterial Cortante Incomum";"4";"14";"2";"6";"100";"13.3";"0.133";"105.3";"0.61"
"Maça de Corrimão Rebitado";"Resíduo Infecto Amarelado";"4";"24";"6";"6";"100";"45";"0.675";"35.6";"0.21"
"Machado de Placa de Embarque";"Biomaterial Cortante Incomum";"4";"14";"2";"6";"100";"13.3";"0.133";"105.3";"0.61"
"Machado de Placa de Embarque";"Resíduo Infecto Amarelado";"4";"24";"6";"6";"100";"45";"0.675";"35.6";"0.21"
"Escudo de Painel de Embarque";"Biomaterial Reativo Incomum";"4";"14";"2";"6";"100";"17.85";"0.1785";"78.4";"0.46"
"Escudo de Painel de Embarque";"Resíduo Infecto Amarelado";"4";"24";"6";"6";"100";"45";"0.675";"35.6";"0.21"
"Espada de Sinalização Afiada";"Biomaterial Cortante Incomum";"4";"14";"2";"6";"100";"13.3";"0.133";"105.3";"0.61"
"Espada de Sinalização Afiada";"Resíduo Infecto Amarelado";"4";"24";"6";"6";"100";"45";"0.675";"35.6";"0.21"
"Adagas de Canivete de Embarque";"Biomaterial Cortante Incomum";"4";"14";"2";"6";"100";"13.3";"0.133";"105.3";"0.61"
"Adagas de Canivete de Embarque";"Resíduo Infecto Amarelado";"4";"24";"6";"6";"100";"45";"0.675";"35.6";"0.21"
"Bombas de Sinalização Queimada";"Biomaterial Reativo Incomum";"4";"14";"2";"6";"100";"17.85";"0.1785";"78.4";"0.46"
"Bombas de Sinalização Queimada";"Resíduo Infecto Amarelado";"4";"24";"6";"6";"100";"45";"0.675";"35.6";"0.21"
"Capuz de Embarque Oculto";"Biomaterial Craniano Incomum";"4";"14";"2";"6";"100";"6.65";"0.0665";"210.5";"1.23"
"Capuz de Embarque Oculto";"Resíduo Infecto Amarelado";"4";"24";"6";"6";"100";"45";"0.675";"35.6";"0.21"
"Traje de Terminal Oculto";"Biomaterial Torácico Incomum";"4";"14";"2";"6";"100";"10.5";"0.105";"133.3";"0.78"
"Traje de Terminal Oculto";"Resíduo Infecto Amarelado";"4";"24";"6";"6";"100";"45";"0.675";"35.6";"0.21"
"Perneiras de Passageiro Oculto";"Biomaterial Articular Incomum";"4";"14";"2";"6";"100";"10.5";"0.105";"133.3";"0.78"
"Perneiras de Passageiro Oculto";"Resíduo Infecto Amarelado";"4";"24";"6";"6";"100";"45";"0.675";"35.6";"0.21"
"Sapatilhas de Esteira Quebrada";"Biomaterial de Mobilidade Incomum";"4";"14";"2";"6";"100";"17.85";"0.1785";"78.4";"0.46"
"Sapatilhas de Esteira Quebrada";"Resíduo Infecto Amarelado";"4";"24";"6";"6";"100";"45";"0.675";"35.6";"0.21"
"Serra de Resgate do Terminal";"Biomaterial Cortante Incomum";"4";"14";"2";"6";"100";"13.3";"0.133";"105.3";"0.61"
"Serra de Resgate do Terminal";"Resíduo Infecto Amarelado";"4";"24";"6";"6";"100";"45";"0.675";"35.6";"0.21"
"Desfibrilador de Cabine de Emergência";"Biomaterial Cortante Incomum";"4";"14";"2";"6";"100";"13.3";"0.133";"105.3";"0.61"
"Desfibrilador de Cabine de Emergência";"Resíduo Infecto Amarelado";"4";"24";"6";"6";"100";"45";"0.675";"35.6";"0.21"
"Injetor de Emergência do Terminal";"Biomaterial Reativo Incomum";"4";"14";"2";"6";"100";"17.85";"0.1785";"78.4";"0.46"
"Injetor de Emergência do Terminal";"Resíduo Infecto Amarelado";"4";"24";"6";"6";"100";"45";"0.675";"35.6";"0.21"
"Máscara de Cabine Sanitária";"Biomaterial Craniano Incomum";"4";"14";"2";"6";"100";"6.65";"0.0665";"210.5";"1.23"
"Máscara de Cabine Sanitária";"Resíduo Infecto Amarelado";"4";"24";"6";"6";"100";"45";"0.675";"35.6";"0.21"
"Colete de Resgate do Terminal";"Biomaterial Torácico Incomum";"4";"14";"2";"6";"100";"10.5";"0.105";"133.3";"0.78"
"Colete de Resgate do Terminal";"Resíduo Infecto Amarelado";"4";"24";"6";"6";"100";"45";"0.675";"35.6";"0.21"
"Calças de Emergência do Terminal";"Biomaterial Articular Incomum";"4";"14";"2";"6";"100";"10.5";"0.105";"133.3";"0.78"
"Calças de Emergência do Terminal";"Resíduo Infecto Amarelado";"4";"24";"6";"6";"100";"45";"0.675";"35.6";"0.21"
"Sapatos de Resgate do Terminal";"Biomaterial de Mobilidade Incomum";"4";"14";"2";"6";"100";"17.85";"0.1785";"78.4";"0.46"
"Sapatos de Resgate do Terminal";"Resíduo Infecto Amarelado";"4";"24";"6";"6";"100";"45";"0.675";"35.6";"0.21"
"Rifle de Sinalização de Embarque";"Biomaterial Cortante Incomum";"4";"14";"2";"6";"100";"13.3";"0.133";"105.3";"0.61"
"Rifle de Sinalização de Embarque";"Resíduo Infecto Amarelado";"4";"24";"6";"6";"100";"45";"0.675";"35.6";"0.21"
"Pistola de Segurança do Terminal";"Biomaterial Cortante Incomum";"4";"14";"2";"6";"100";"13.3";"0.133";"105.3";"0.61"
"Pistola de Segurança do Terminal";"Resíduo Infecto Amarelado";"4";"24";"6";"6";"100";"45";"0.675";"35.6";"0.21"
"Carregador de Embarque Rápido";"Biomaterial Reativo Incomum";"4";"14";"2";"6";"100";"17.85";"0.1785";"78.4";"0.46"
"Carregador de Embarque Rápido";"Resíduo Infecto Amarelado";"4";"24";"6";"6";"100";"45";"0.675";"35.6";"0.21"
"Viseira de Embarque Tático";"Biomaterial Craniano Incomum";"4";"14";"2";"6";"100";"6.65";"0.0665";"210.5";"1.23"
"Viseira de Embarque Tático";"Resíduo Infecto Amarelado";"4";"24";"6";"6";"100";"45";"0.675";"35.6";"0.21"
"Jaqueta de Patrulha do Terminal";"Biomaterial Torácico Incomum";"4";"14";"2";"6";"100";"10.5";"0.105";"133.3";"0.78"
"Jaqueta de Patrulha do Terminal";"Resíduo Infecto Amarelado";"4";"24";"6";"6";"100";"45";"0.675";"35.6";"0.21"
"Cargueiras de Embarque Tático";"Biomaterial Articular Incomum";"4";"14";"2";"6";"100";"10.5";"0.105";"133.3";"0.78"
"Cargueiras de Embarque Tático";"Resíduo Infecto Amarelado";"4";"24";"6";"6";"100";"45";"0.675";"35.6";"0.21"
"Coturnos de Terminal Quebrado";"Biomaterial de Mobilidade Incomum";"4";"14";"2";"6";"100";"17.85";"0.1785";"78.4";"0.46"
"Coturnos de Terminal Quebrado";"Resíduo Infecto Amarelado";"4";"24";"6";"6";"100";"45";"0.675";"35.6";"0.21"
"Armadura de Barreira Selada";"Biomaterial Torácico Raro";"5";"16";"2";"6";"100";"17.85";"0.1785";"89.6";"0.57"
"Armadura de Barreira Selada";"Resíduo Infecto Tóxico";"5";"30";"6";"6";"100";"45";"0.675";"44.4";"0.28"
"Grevas de Câmara Selada";"Biomaterial Articular Raro";"5";"16";"2";"6";"100";"10.5";"0.105";"152.4";"0.97"
"Grevas de Câmara Selada";"Resíduo Infecto Tóxico";"5";"30";"6";"6";"100";"45";"0.675";"44.4";"0.28"
"Botas de Quarentena Selada";"Biomaterial de Mobilidade Raro";"5";"16";"2";"6";"100";"6.65";"0.0665";"240.6";"1.54"
"Botas de Quarentena Selada";"Resíduo Infecto Tóxico";"5";"30";"6";"6";"100";"45";"0.675";"44.4";"0.28"
"Elmo de Câmara Selada";"Biomaterial Craniano Raro";"5";"16";"2";"6";"100";"6.65";"0.0665";"240.6";"1.54"
"Elmo de Câmara Selada";"Resíduo Infecto Tóxico";"5";"30";"6";"6";"100";"45";"0.675";"44.4";"0.28"
"Maça de Grade de Quarentena";"Biomaterial Cortante Raro";"5";"16";"2";"6";"100";"21";"0.21";"76.2";"0.49"
"Maça de Grade de Quarentena";"Resíduo Infecto Tóxico";"5";"30";"6";"6";"100";"45";"0.675";"44.4";"0.28"
"Machado de Porta de Contenção";"Biomaterial Cortante Raro";"5";"16";"2";"6";"100";"21";"0.21";"76.2";"0.49"
"Machado de Porta de Contenção";"Resíduo Infecto Tóxico";"5";"30";"6";"6";"100";"45";"0.675";"44.4";"0.28"
"Escudo de Barreira de Quarentena";"Biomaterial Reativo Raro";"5";"16";"2";"6";"100";"17.85";"0.1785";"89.6";"0.57"
"Escudo de Barreira de Quarentena";"Resíduo Infecto Tóxico";"5";"30";"6";"6";"100";"45";"0.675";"44.4";"0.28"
"Espada de Lâmina Selada";"Biomaterial Cortante Raro";"5";"16";"2";"6";"100";"21";"0.21";"76.2";"0.49"
"Espada de Lâmina Selada";"Resíduo Infecto Tóxico";"5";"30";"6";"6";"100";"45";"0.675";"44.4";"0.28"
"Adagas de Contenção Verde";"Biomaterial Cortante Raro";"5";"16";"2";"6";"100";"21";"0.21";"76.2";"0.49"
"Adagas de Contenção Verde";"Resíduo Infecto Tóxico";"5";"30";"6";"6";"100";"45";"0.675";"44.4";"0.28"
"Bombas de Quarentena Verde";"Biomaterial Reativo Raro";"5";"16";"2";"6";"100";"17.85";"0.1785";"89.6";"0.57"
"Bombas de Quarentena Verde";"Resíduo Infecto Tóxico";"5";"30";"6";"6";"100";"45";"0.675";"44.4";"0.28"
"Capuz de Quarentena Verde";"Biomaterial Craniano Raro";"5";"16";"2";"6";"100";"6.65";"0.0665";"240.6";"1.54"
"Capuz de Quarentena Verde";"Resíduo Infecto Tóxico";"5";"30";"6";"6";"100";"45";"0.675";"44.4";"0.28"
"Traje de Quarentena Furtiva";"Biomaterial Torácico Raro";"5";"16";"2";"6";"100";"17.85";"0.1785";"89.6";"0.57"
"Traje de Quarentena Furtiva";"Resíduo Infecto Tóxico";"5";"30";"6";"6";"100";"45";"0.675";"44.4";"0.28"
"Perneiras de Quarentena Leve";"Biomaterial Articular Raro";"5";"16";"2";"6";"100";"10.5";"0.105";"152.4";"0.97"
"Perneiras de Quarentena Leve";"Resíduo Infecto Tóxico";"5";"30";"6";"6";"100";"45";"0.675";"44.4";"0.28"
"Sapatilhas de Quarentena Selada";"Biomaterial de Mobilidade Raro";"5";"16";"2";"6";"100";"6.65";"0.0665";"240.6";"1.54"
"Sapatilhas de Quarentena Selada";"Resíduo Infecto Tóxico";"5";"30";"6";"6";"100";"45";"0.675";"44.4";"0.28"
"Serra de Contenção Verde";"Biomaterial Cortante Raro";"5";"16";"2";"6";"100";"21";"0.21";"76.2";"0.49"
"Serra de Contenção Verde";"Resíduo Infecto Tóxico";"5";"30";"6";"6";"100";"45";"0.675";"44.4";"0.28"
"Desfibrilador de Quarentena";"Biomaterial Cortante Raro";"5";"16";"2";"6";"100";"21";"0.21";"76.2";"0.49"
"Desfibrilador de Quarentena";"Resíduo Infecto Tóxico";"5";"30";"6";"6";"100";"45";"0.675";"44.4";"0.28"
"Injetor de Quarentena Verde";"Biomaterial Reativo Raro";"5";"16";"2";"6";"100";"17.85";"0.1785";"89.6";"0.57"
"Injetor de Quarentena Verde";"Resíduo Infecto Tóxico";"5";"30";"6";"6";"100";"45";"0.675";"44.4";"0.28"
"Máscara de Quarentena Verde";"Biomaterial Craniano Raro";"5";"16";"2";"6";"100";"6.65";"0.0665";"240.6";"1.54"
"Máscara de Quarentena Verde";"Resíduo Infecto Tóxico";"5";"30";"6";"6";"100";"45";"0.675";"44.4";"0.28"
"Colete de Quarentena Verde";"Biomaterial Torácico Raro";"5";"16";"2";"6";"100";"17.85";"0.1785";"89.6";"0.57"
"Colete de Quarentena Verde";"Resíduo Infecto Tóxico";"5";"30";"6";"6";"100";"45";"0.675";"44.4";"0.28"
"Calças de Quarentena Leve";"Biomaterial Articular Raro";"5";"16";"2";"6";"100";"10.5";"0.105";"152.4";"0.97"
"Calças de Quarentena Leve";"Resíduo Infecto Tóxico";"5";"30";"6";"6";"100";"45";"0.675";"44.4";"0.28"
"Sapatos de Quarentena Verde";"Biomaterial de Mobilidade Raro";"5";"16";"2";"6";"100";"6.65";"0.0665";"240.6";"1.54"
"Sapatos de Quarentena Verde";"Resíduo Infecto Tóxico";"5";"30";"6";"6";"100";"45";"0.675";"44.4";"0.28"
"Rifle de Contenção Verde";"Biomaterial Cortante Raro";"5";"16";"2";"6";"100";"21";"0.21";"76.2";"0.49"
"Rifle de Contenção Verde";"Resíduo Infecto Tóxico";"5";"30";"6";"6";"100";"45";"0.675";"44.4";"0.28"
"Pistola de Quarentena Selada";"Biomaterial Cortante Raro";"5";"16";"2";"6";"100";"21";"0.21";"76.2";"0.49"
"Pistola de Quarentena Selada";"Resíduo Infecto Tóxico";"5";"30";"6";"6";"100";"45";"0.675";"44.4";"0.28"
"Carregador de Quarentena Verde";"Biomaterial Reativo Raro";"5";"16";"2";"6";"100";"17.85";"0.1785";"89.6";"0.57"
"Carregador de Quarentena Verde";"Resíduo Infecto Tóxico";"5";"30";"6";"6";"100";"45";"0.675";"44.4";"0.28"
"Viseira de Quarentena Verde";"Biomaterial Craniano Raro";"5";"16";"2";"6";"100";"6.65";"0.0665";"240.6";"1.54"
"Viseira de Quarentena Verde";"Resíduo Infecto Tóxico";"5";"30";"6";"6";"100";"45";"0.675";"44.4";"0.28"
"Jaqueta de Quarentena Balística";"Biomaterial Torácico Raro";"5";"16";"2";"6";"100";"17.85";"0.1785";"89.6";"0.57"
"Jaqueta de Quarentena Balística";"Resíduo Infecto Tóxico";"5";"30";"6";"6";"100";"45";"0.675";"44.4";"0.28"
"Cargueiras de Quarentena Verde";"Biomaterial Articular Raro";"5";"16";"2";"6";"100";"10.5";"0.105";"152.4";"0.97"
"Cargueiras de Quarentena Verde";"Resíduo Infecto Tóxico";"5";"30";"6";"6";"100";"45";"0.675";"44.4";"0.28"
"Coturnos de Quarentena Verde";"Biomaterial de Mobilidade Raro";"5";"16";"2";"6";"100";"6.65";"0.0665";"240.6";"1.54"
"Coturnos de Quarentena Verde";"Resíduo Infecto Tóxico";"5";"30";"6";"6";"100";"45";"0.675";"44.4";"0.28"
